{"cameraMode":{"drawMode":0,"name":"Shaded","section":"Shading Mode"},"sceneLighting":true,"audioPlay":false,"sceneViewState":{"m_AlwaysRefresh":false,"showFog":true,"showSkybox":true,"showFlares":true,"showImageEffects":true,"showParticleSystems":true,"showVisualEffectGraphs":true,"m_FxEnabled":true},"in2DMode":false,"pivot":{"x":-0.23318585753440858,"y":-146.12188720703126,"z":-10.1054048538208},"rotation":{"x":0.4187139570713043,"y":0.37403446435928347,"z":0.19473029673099519,"w":-0.8042786717414856},"size":0.06882020831108093,"orthographic":false}